[
  {
    "relationship_id": "R001",
    "source_table": "factories",
    "source_field": "company_id",
    "target_table": "companies",
    "target_field": "company_id",
    "relationship_type": "many_to_one",
    "description": "Each factory belongs to one company; a company can have multiple factories",
    "constraint_type": "mandatory",
    "referential_action": "RESTRICT"
  },
  {
    "relationship_id": "R002",
    "source_table": "warehouses",
    "source_field": "company_id",
    "target_table": "companies",
    "target_field": "company_id",
    "relationship_type": "many_to_one",
    "description": "Each warehouse belongs to one company; a company can have multiple warehouses",
    "constraint_type": "mandatory",
    "referential_action": "RESTRICT"
  },
  {
    "relationship_id": "R003",
    "source_table": "warehouse_zones",
    "source_field": "warehouse_id",
    "target_table": "warehouses",
    "target_field": "warehouse_id",
    "relationship_type": "many_to_one",
    "description": "Each warehouse zone belongs to one warehouse; a warehouse has multiple zones",
    "constraint_type": "mandatory",
    "referential_action": "CASCADE"
  },
  {
    "relationship_id": "R004",
    "source_table": "employees",
    "source_field": "company_id",
    "target_table": "companies",
    "target_field": "company_id",
    "relationship_type": "many_to_one",
    "description": "Each employee works for one company",
    "constraint_type": "mandatory",
    "referential_action": "RESTRICT"
  },
  {
    "relationship_id": "R005",
    "source_table": "employees",
    "source_field": "department_id",
    "target_table": "departments",
    "target_field": "department_id",
    "relationship_type": "many_to_one",
    "description": "Each employee is assigned to one department",
    "constraint_type": "optional",
    "referential_action": "SET_NULL"
  },
  {
    "relationship_id": "R006",
    "source_table": "departments",
    "source_field": "company_id",
    "target_table": "companies",
    "target_field": "company_id",
    "relationship_type": "many_to_one",
    "description": "Each department belongs to one company",
    "constraint_type": "mandatory",
    "referential_action": "RESTRICT"
  },
  {
    "relationship_id": "R007",
    "source_table": "production_lines",
    "source_field": "factory_id",
    "target_table": "factories",
    "target_field": "factory_id",
    "relationship_type": "many_to_one",
    "description": "Each production line is located in one factory",
    "constraint_type": "mandatory",
    "referential_action": "CASCADE"
  },
  {
    "relationship_id": "R008",
    "source_table": "machines",
    "source_field": "production_line_id",
    "target_table": "production_lines",
    "target_field": "line_id",
    "relationship_type": "many_to_one",
    "description": "Each machine is assigned to one production line",
    "constraint_type": "optional",
    "referential_action": "SET_NULL"
  },
  {
    "relationship_id": "R009",
    "source_table": "bom_components",
    "source_field": "bom_id",
    "target_table": "bill_of_materials",
    "target_field": "bom_id",
    "relationship_type": "many_to_one",
    "description": "Each BOM component belongs to one BOM",
    "constraint_type": "mandatory",
    "referential_action": "CASCADE"
  },
  {
    "relationship_id": "R010",
    "source_table": "bom_components",
    "source_field": "material_id",
    "target_table": "materials",
    "target_field": "material_id",
    "relationship_type": "many_to_one",
    "description": "Each BOM component references one material",
    "constraint_type": "mandatory",
    "referential_action": "RESTRICT"
  },
  {
    "relationship_id": "R011",
    "source_table": "bill_of_materials",
    "source_field": "product_id",
    "target_table": "products",
    "target_field": "product_id",
    "relationship_type": "one_to_one",
    "description": "Each BOM defines one product; each product has one primary BOM",
    "constraint_type": "mandatory",
    "referential_action": "CASCADE"
  },
  {
    "relationship_id": "R012",
    "source_table": "materials",
    "source_field": "preferred_supplier_id",
    "target_table": "suppliers",
    "target_field": "supplier_id",
    "relationship_type": "many_to_one",
    "description": "Each material can have one preferred supplier",
    "constraint_type": "optional",
    "referential_action": "SET_NULL"
  },
  {
    "relationship_id": "R013",
    "source_table": "supplier_contacts",
    "source_field": "supplier_id",
    "target_table": "suppliers",
    "target_field": "supplier_id",
    "relationship_type": "many_to_one",
    "description": "Each supplier contact belongs to one supplier",
    "constraint_type": "mandatory",
    "referential_action": "CASCADE"
  },
  {
    "relationship_id": "R014",
    "source_table": "leads",
    "source_field": "assigned_to",
    "target_table": "employees",
    "target_field": "employee_id",
    "relationship_type": "many_to_one",
    "description": "Each lead is assigned to one sales representative",
    "constraint_type": "optional",
    "referential_action": "SET_NULL"
  },
  {
    "relationship_id": "R015",
    "source_table": "opportunities",
    "source_field": "lead_id",
    "target_table": "leads",
    "target_field": "lead_id",
    "relationship_type": "one_to_one",
    "description": "Each opportunity can originate from one lead",
    "constraint_type": "optional",
    "referential_action": "SET_NULL"
  },
  {
    "relationship_id": "R016",
    "source_table": "opportunities",
    "source_field": "customer_id",
    "target_table": "customers",
    "target_field": "customer_id",
    "relationship_type": "many_to_one",
    "description": "Each opportunity is associated with one customer",
    "constraint_type": "mandatory",
    "referential_action": "RESTRICT"
  },
  {
    "relationship_id": "R017",
    "source_table": "opportunities",
    "source_field": "owner_id",
    "target_table": "employees",
    "target_field": "employee_id",
    "relationship_type": "many_to_one",
    "description": "Each opportunity is owned by one sales representative",
    "constraint_type": "mandatory",
    "referential_action": "RESTRICT"
  },
  {
    "relationship_id": "R018",
    "source_table": "quotes",
    "source_field": "opportunity_id",
    "target_table": "opportunities",
    "target_field": "opportunity_id",
    "relationship_type": "many_to_one",
    "description": "Each quote is related to one sales opportunity",
    "constraint_type": "optional",
    "referential_action": "SET_NULL"
  },
  {
    "relationship_id": "R019",
    "source_table": "quotes",
    "source_field": "customer_id",
    "target_table": "customers",
    "target_field": "customer_id",
    "relationship_type": "many_to_one",
    "description": "Each quote is provided to one customer",
    "constraint_type": "mandatory",
    "referential_action": "RESTRICT"
  },
  {
    "relationship_id": "R020",
    "source_table": "quote_lines",
    "source_field": "quote_id",
    "target_table": "quotes",
    "target_field": "quote_id",
    "relationship_type": "many_to_one",
    "description": "Each quote line belongs to one quote",
    "constraint_type": "mandatory",
    "referential_action": "CASCADE"
  },
  {
    "relationship_id": "R021",
    "source_table": "quote_lines",
    "source_field": "product_id",
    "target_table": "products",
    "target_field": "product_id",
    "relationship_type": "many_to_one",
    "description": "Each quote line references one product",
    "constraint_type": "mandatory",
    "referential_action": "RESTRICT"
  },
  {
    "relationship_id": "R022",
    "source_table": "service_tickets",
    "source_field": "customer_id",
    "target_table": "customers",
    "target_field": "customer_id",
    "relationship_type": "many_to_one",
    "description": "Each service ticket is opened by one customer",
    "constraint_type": "mandatory",
    "referential_action": "RESTRICT"
  },
  {
    "relationship_id": "R023",
    "source_table": "service_tickets",
    "source_field": "assigned_to",
    "target_table": "employees",
    "target_field": "employee_id",
    "relationship_type": "many_to_one",
    "description": "Each service ticket is assigned to one support agent",
    "constraint_type": "optional",
    "referential_action": "SET_NULL"
  },
  {
    "relationship_id": "R024",
    "source_table": "warranty_claims",
    "source_field": "customer_id",
    "target_table": "customers",
    "target_field": "customer_id",
    "relationship_type": "many_to_one",
    "description": "Each warranty claim is filed by one customer",
    "constraint_type": "mandatory",
    "referential_action": "RESTRICT"
  },
  {
    "relationship_id": "R025",
    "source_table": "warranty_claims",
    "source_field": "product_id",
    "target_table": "products",
    "target_field": "product_id",
    "relationship_type": "many_to_one",
    "description": "Each warranty claim is for one product",
    "constraint_type": "mandatory",
    "referential_action": "RESTRICT"
  },
  {
    "relationship_id": "R026",
    "source_table": "return_authorizations",
    "source_field": "customer_id",
    "target_table": "customers",
    "target_field": "customer_id",
    "relationship_type": "many_to_one",
    "description": "Each RMA is issued to one customer",
    "constraint_type": "mandatory",
    "referential_action": "RESTRICT"
  },
  {
    "relationship_id": "R027",
    "source_table": "return_authorization_lines",
    "source_field": "rma_id",
    "target_table": "return_authorizations",
    "target_field": "rma_id",
    "relationship_type": "many_to_one",
    "description": "Each RMA line belongs to one RMA",
    "constraint_type": "mandatory",
    "referential_action": "CASCADE"
  },
  {
    "relationship_id": "R028",
    "source_table": "purchase_orders",
    "source_field": "supplier_id",
    "target_table": "suppliers",
    "target_field": "supplier_id",
    "relationship_type": "many_to_one",
    "description": "Each purchase order is placed with one supplier",
    "constraint_type": "mandatory",
    "referential_action": "RESTRICT"
  },
  {
    "relationship_id": "R029",
    "source_table": "purchase_orders",
    "source_field": "buyer_id",
    "target_table": "employees",
    "target_field": "employee_id",
    "relationship_type": "many_to_one",
    "description": "Each purchase order is created by one buyer",
    "constraint_type": "optional",
    "referential_action": "SET_NULL"
  },
  {
    "relationship_id": "R030",
    "source_table": "po_lines",
    "source_field": "po_id",
    "target_table": "purchase_orders",
    "target_field": "po_id",
    "relationship_type": "many_to_one",
    "description": "Each PO line belongs to one purchase order",
    "constraint_type": "mandatory",
    "referential_action": "CASCADE"
  },
  {
    "relationship_id": "R031",
    "source_table": "po_lines",
    "source_field": "material_id",
    "target_table": "materials",
    "target_field": "material_id",
    "relationship_type": "many_to_one",
    "description": "Each PO line orders one material",
    "constraint_type": "mandatory",
    "referential_action": "RESTRICT"
  },
  {
    "relationship_id": "R032",
    "source_table": "sales_orders",
    "source_field": "customer_id",
    "target_table": "customers",
    "target_field": "customer_id",
    "relationship_type": "many_to_one",
    "description": "Each sales order is placed by one customer",
    "constraint_type": "mandatory",
    "referential_action": "RESTRICT"
  },
  {
    "relationship_id": "R033",
    "source_table": "sales_orders",
    "source_field": "quote_id",
    "target_table": "quotes",
    "target_field": "quote_id",
    "relationship_type": "one_to_one",
    "description": "Each sales order can be converted from one quote",
    "constraint_type": "optional",
    "referential_action": "SET_NULL"
  },
  {
    "relationship_id": "R034",
    "source_table": "sales_order_lines",
    "source_field": "order_id",
    "target_table": "sales_orders",
    "target_field": "order_id",
    "relationship_type": "many_to_one",
    "description": "Each sales order line belongs to one sales order",
    "constraint_type": "mandatory",
    "referential_action": "CASCADE"
  },
  {
    "relationship_id": "R035",
    "source_table": "sales_order_lines",
    "source_field": "product_id",
    "target_table": "products",
    "target_field": "product_id",
    "relationship_type": "many_to_one",
    "description": "Each sales order line sells one product",
    "constraint_type": "mandatory",
    "referential_action": "RESTRICT"
  },
  {
    "relationship_id": "R036",
    "source_table": "inventory_transactions",
    "source_field": "material_id",
    "target_table": "materials",
    "target_field": "material_id",
    "relationship_type": "many_to_one",
    "description": "Each inventory transaction affects one material",
    "constraint_type": "mandatory",
    "referential_action": "RESTRICT"
  },
  {
    "relationship_id": "R037",
    "source_table": "inventory_transactions",
    "source_field": "warehouse_id",
    "target_table": "warehouses",
    "target_field": "warehouse_id",
    "relationship_type": "many_to_one",
    "description": "Each inventory transaction occurs in one warehouse",
    "constraint_type": "mandatory",
    "referential_action": "RESTRICT"
  },
  {
    "relationship_id": "R038",
    "source_table": "goods_receipts",
    "source_field": "po_id",
    "target_table": "purchase_orders",
    "target_field": "po_id",
    "relationship_type": "many_to_one",
    "description": "Each goods receipt is against one purchase order",
    "constraint_type": "mandatory",
    "referential_action": "RESTRICT"
  },
  {
    "relationship_id": "R039",
    "source_table": "goods_receipts",
    "source_field": "warehouse_id",
    "target_table": "warehouses",
    "target_field": "warehouse_id",
    "relationship_type": "many_to_one",
    "description": "Each goods receipt is into one warehouse",
    "constraint_type": "mandatory",
    "referential_action": "RESTRICT"
  },
  {
    "relationship_id": "R040",
    "source_table": "journal_entry_lines",
    "source_field": "je_id",
    "target_table": "journal_entries",
    "target_field": "je_id",
    "relationship_type": "many_to_one",
    "description": "Each journal entry line belongs to one journal entry",
    "constraint_type": "mandatory",
    "referential_action": "CASCADE"
  },
  {
    "relationship_id": "R041",
    "source_table": "journal_entry_lines",
    "source_field": "account_id",
    "target_table": "gl_accounts",
    "target_field": "account_id",
    "relationship_type": "many_to_one",
    "description": "Each journal entry line posts to one GL account",
    "constraint_type": "mandatory",
    "referential_action": "RESTRICT"
  },
  {
    "relationship_id": "R042",
    "source_table": "journal_entry_lines",
    "source_field": "cost_center_id",
    "target_table": "cost_centers",
    "target_field": "cost_center_id",
    "relationship_type": "many_to_one",
    "description": "Each journal entry line can be allocated to one cost center",
    "constraint_type": "optional",
    "referential_action": "SET_NULL"
  },
  {
    "relationship_id": "R043",
    "source_table": "journal_entries",
    "source_field": "fiscal_period_id",
    "target_table": "fiscal_periods",
    "target_field": "period_id",
    "relationship_type": "many_to_one",
    "description": "Each journal entry posts to one fiscal period",
    "constraint_type": "mandatory",
    "referential_action": "RESTRICT"
  },
  {
    "relationship_id": "R044",
    "source_table": "budgets",
    "source_field": "account_id",
    "target_table": "gl_accounts",
    "target_field": "account_id",
    "relationship_type": "many_to_one",
    "description": "Each budget line is for one GL account",
    "constraint_type": "mandatory",
    "referential_action": "RESTRICT"
  },
  {
    "relationship_id": "R045",
    "source_table": "budgets",
    "source_field": "cost_center_id",
    "target_table": "cost_centers",
    "target_field": "cost_center_id",
    "relationship_type": "many_to_one",
    "description": "Each budget can be allocated to one cost center",
    "constraint_type": "optional",
    "referential_action": "SET_NULL"
  },
  {
    "relationship_id": "R046",
    "source_table": "supplier_invoices",
    "source_field": "supplier_id",
    "target_table": "suppliers",
    "target_field": "supplier_id",
    "relationship_type": "many_to_one",
    "description": "Each supplier invoice is from one supplier",
    "constraint_type": "mandatory",
    "referential_action": "RESTRICT"
  },
  {
    "relationship_id": "R047",
    "source_table": "supplier_invoices",
    "source_field": "po_id",
    "target_table": "purchase_orders",
    "target_field": "po_id",
    "relationship_type": "many_to_one",
    "description": "Each supplier invoice references one purchase order",
    "constraint_type": "optional",
    "referential_action": "SET_NULL"
  },
  {
    "relationship_id": "R048",
    "source_table": "supplier_invoices",
    "source_field": "je_id",
    "target_table": "journal_entries",
    "target_field": "je_id",
    "relationship_type": "one_to_one",
    "description": "Each supplier invoice generates one journal entry when posted",
    "constraint_type": "optional",
    "referential_action": "SET_NULL"
  },
  {
    "relationship_id": "R049",
    "source_table": "work_orders",
    "source_field": "product_id",
    "target_table": "products",
    "target_field": "product_id",
    "relationship_type": "many_to_one",
    "description": "Each work order produces one product",
    "constraint_type": "mandatory",
    "referential_action": "RESTRICT"
  },
  {
    "relationship_id": "R050",
    "source_table": "work_orders",
    "source_field": "bom_id",
    "target_table": "bill_of_materials",
    "target_field": "bom_id",
    "relationship_type": "many_to_one",
    "description": "Each work order follows one BOM",
    "constraint_type": "mandatory",
    "referential_action": "RESTRICT"
  },
  {
    "relationship_id": "R051",
    "source_table": "work_orders",
    "source_field": "routing_id",
    "target_table": "routings",
    "target_field": "routing_id",
    "relationship_type": "many_to_one",
    "description": "Each work order follows one routing",
    "constraint_type": "mandatory",
    "referential_action": "RESTRICT"
  },
  {
    "relationship_id": "R052",
    "source_table": "work_orders",
    "source_field": "sales_order_id",
    "target_table": "sales_orders",
    "target_field": "order_id",
    "relationship_type": "many_to_one",
    "description": "Each work order can fulfill one sales order",
    "constraint_type": "optional",
    "referential_action": "SET_NULL"
  },
  {
    "relationship_id": "R053",
    "source_table": "work_orders",
    "source_field": "production_line_id",
    "target_table": "production_lines",
    "target_field": "line_id",
    "relationship_type": "many_to_one",
    "description": "Each work order is assigned to one production line",
    "constraint_type": "optional",
    "referential_action": "SET_NULL"
  },
  {
    "relationship_id": "R054",
    "source_table": "routing_operations",
    "source_field": "routing_id",
    "target_table": "routings",
    "target_field": "routing_id",
    "relationship_type": "many_to_one",
    "description": "Each routing operation belongs to one routing",
    "constraint_type": "mandatory",
    "referential_action": "CASCADE"
  },
  {
    "relationship_id": "R055",
    "source_table": "routing_operations",
    "source_field": "work_center_id",
    "target_table": "work_centers",
    "target_field": "work_center_id",
    "relationship_type": "many_to_one",
    "description": "Each routing operation is performed at one work center",
    "constraint_type": "mandatory",
    "referential_action": "RESTRICT"
  },
  {
    "relationship_id": "R056",
    "source_table": "production_transactions",
    "source_field": "work_order_id",
    "target_table": "work_orders",
    "target_field": "work_order_id",
    "relationship_type": "many_to_one",
    "description": "Each production transaction is for one work order",
    "constraint_type": "mandatory",
    "referential_action": "RESTRICT"
  },
  {
    "relationship_id": "R057",
    "source_table": "production_transactions",
    "source_field": "operation_id",
    "target_table": "routing_operations",
    "target_field": "operation_id",
    "relationship_type": "many_to_one",
    "description": "Each production transaction completes one operation",
    "constraint_type": "optional",
    "referential_action": "SET_NULL"
  },
  {
    "relationship_id": "R058",
    "source_table": "material_issues",
    "source_field": "work_order_id",
    "target_table": "work_orders",
    "target_field": "work_order_id",
    "relationship_type": "many_to_one",
    "description": "Each material issue is for one work order",
    "constraint_type": "mandatory",
    "referential_action": "RESTRICT"
  },
  {
    "relationship_id": "R059",
    "source_table": "material_issues",
    "source_field": "material_id",
    "target_table": "materials",
    "target_field": "material_id",
    "relationship_type": "many_to_one",
    "description": "Each material issue consumes one material",
    "constraint_type": "mandatory",
    "referential_action": "RESTRICT"
  },
  {
    "relationship_id": "R060",
    "source_table": "production_batches",
    "source_field": "work_order_id",
    "target_table": "work_orders",
    "target_field": "work_order_id",
    "relationship_type": "many_to_one",
    "description": "Each production batch is from one work order",
    "constraint_type": "mandatory",
    "referential_action": "RESTRICT"
  },
  {
    "relationship_id": "R061",
    "source_table": "downtime_events",
    "source_field": "equipment_id",
    "target_table": "equipment",
    "target_field": "equipment_id",
    "relationship_type": "many_to_one",
    "description": "Each downtime event occurs on one piece of equipment",
    "constraint_type": "mandatory",
    "referential_action": "RESTRICT"
  },
  {
    "relationship_id": "R062",
    "source_table": "downtime_events",
    "source_field": "work_order_id",
    "target_table": "work_orders",
    "target_field": "work_order_id",
    "relationship_type": "many_to_one",
    "description": "Each downtime event can be linked to one work order",
    "constraint_type": "optional",
    "referential_action": "SET_NULL"
  },
  {
    "relationship_id": "R063",
    "source_table": "inventory_locations",
    "source_field": "warehouse_id",
    "target_table": "warehouses",
    "target_field": "warehouse_id",
    "relationship_type": "many_to_one",
    "description": "Each inventory location is in one warehouse",
    "constraint_type": "mandatory",
    "referential_action": "CASCADE"
  },
  {
    "relationship_id": "R064",
    "source_table": "inventory_locations",
    "source_field": "zone_id",
    "target_table": "warehouse_zones",
    "target_field": "zone_id",
    "relationship_type": "many_to_one",
    "description": "Each inventory location is in one warehouse zone",
    "constraint_type": "optional",
    "referential_action": "SET_NULL"
  },
  {
    "relationship_id": "R065",
    "source_table": "picking_waves",
    "source_field": "warehouse_id",
    "target_table": "warehouses",
    "target_field": "warehouse_id",
    "relationship_type": "many_to_one",
    "description": "Each picking wave is executed in one warehouse",
    "constraint_type": "mandatory",
    "referential_action": "RESTRICT"
  },
  {
    "relationship_id": "R066",
    "source_table": "wave_orders",
    "source_field": "wave_id",
    "target_table": "picking_waves",
    "target_field": "wave_id",
    "relationship_type": "many_to_one",
    "description": "Each wave order belongs to one picking wave",
    "constraint_type": "mandatory",
    "referential_action": "CASCADE"
  },
  {
    "relationship_id": "R067",
    "source_table": "wave_orders",
    "source_field": "sales_order_id",
    "target_table": "sales_orders",
    "target_field": "order_id",
    "relationship_type": "many_to_one",
    "description": "Each wave order references one sales order",
    "constraint_type": "mandatory",
    "referential_action": "RESTRICT"
  },
  {
    "relationship_id": "R068",
    "source_table": "pick_tasks",
    "source_field": "wave_id",
    "target_table": "picking_waves",
    "target_field": "wave_id",
    "relationship_type": "many_to_one",
    "description": "Each pick task belongs to one wave",
    "constraint_type": "mandatory",
    "referential_action": "CASCADE"
  },
  {
    "relationship_id": "R069",
    "source_table": "pick_tasks",
    "source_field": "sales_order_line_id",
    "target_table": "sales_order_lines",
    "target_field": "line_id",
    "relationship_type": "many_to_one",
    "description": "Each pick task fulfills one sales order line",
    "constraint_type": "mandatory",
    "referential_action": "RESTRICT"
  },
  {
    "relationship_id": "R070",
    "source_table": "pick_tasks",
    "source_field": "location_id",
    "target_table": "inventory_locations",
    "target_field": "location_id",
    "relationship_type": "many_to_one",
    "description": "Each pick task picks from one inventory location",
    "constraint_type": "mandatory",
    "referential_action": "RESTRICT"
  },
  {
    "relationship_id": "R071",
    "source_table": "pick_tasks",
    "source_field": "picker_id",
    "target_table": "employees",
    "target_field": "employee_id",
    "relationship_type": "many_to_one",
    "description": "Each pick task is assigned to one picker",
    "constraint_type": "optional",
    "referential_action": "SET_NULL"
  },
  {
    "relationship_id": "R072",
    "source_table": "packing_containers",
    "source_field": "wave_id",
    "target_table": "picking_waves",
    "target_field": "wave_id",
    "relationship_type": "many_to_one",
    "description": "Each packing container is for one wave",
    "constraint_type": "optional",
    "referential_action": "SET_NULL"
  },
  {
    "relationship_id": "R073",
    "source_table": "packing_containers",
    "source_field": "sales_order_id",
    "target_table": "sales_orders",
    "target_field": "order_id",
    "relationship_type": "many_to_one",
    "description": "Each packing container ships one sales order",
    "constraint_type": "mandatory",
    "referential_action": "RESTRICT"
  },
  {
    "relationship_id": "R074",
    "source_table": "shipments",
    "source_field": "sales_order_id",
    "target_table": "sales_orders",
    "target_field": "order_id",
    "relationship_type": "many_to_one",
    "description": "Each shipment delivers one sales order",
    "constraint_type": "optional",
    "referential_action": "SET_NULL"
  },
  {
    "relationship_id": "R075",
    "source_table": "shipments",
    "source_field": "carrier_id",
    "target_table": "carriers",
    "target_field": "carrier_id",
    "relationship_type": "many_to_one",
    "description": "Each shipment uses one carrier",
    "constraint_type": "mandatory",
    "referential_action": "RESTRICT"
  },
  {
    "relationship_id": "R076",
    "source_table": "shipments",
    "source_field": "route_id",
    "target_table": "routes",
    "target_field": "route_id",
    "relationship_type": "many_to_one",
    "description": "Each shipment follows one route",
    "constraint_type": "optional",
    "referential_action": "SET_NULL"
  },
  {
    "relationship_id": "R077",
    "source_table": "shipments",
    "source_field": "from_warehouse_id",
    "target_table": "warehouses",
    "target_field": "warehouse_id",
    "relationship_type": "many_to_one",
    "description": "Each shipment originates from one warehouse",
    "constraint_type": "mandatory",
    "referential_action": "RESTRICT"
  },
  {
    "relationship_id": "R078",
    "source_table": "shipment_lines",
    "source_field": "shipment_id",
    "target_table": "shipments",
    "target_field": "shipment_id",
    "relationship_type": "many_to_one",
    "description": "Each shipment line belongs to one shipment",
    "constraint_type": "mandatory",
    "referential_action": "CASCADE"
  },
  {
    "relationship_id": "R079",
    "source_table": "freight_charges",
    "source_field": "shipment_id",
    "target_table": "shipments",
    "target_field": "shipment_id",
    "relationship_type": "many_to_one",
    "description": "Each freight charge is for one shipment",
    "constraint_type": "mandatory",
    "referential_action": "RESTRICT"
  },
  {
    "relationship_id": "R080",
    "source_table": "freight_charges",
    "source_field": "carrier_id",
    "target_table": "carriers",
    "target_field": "carrier_id",
    "relationship_type": "many_to_one",
    "description": "Each freight charge is billed by one carrier",
    "constraint_type": "mandatory",
    "referential_action": "RESTRICT"
  },
  {
    "relationship_id": "R081",
    "source_table": "delivery_appointments",
    "source_field": "shipment_id",
    "target_table": "shipments",
    "target_field": "shipment_id",
    "relationship_type": "one_to_one",
    "description": "Each delivery appointment is for one shipment",
    "constraint_type": "mandatory",
    "referential_action": "CASCADE"
  },
  {
    "relationship_id": "R082",
    "source_table": "equipment",
    "source_field": "factory_id",
    "target_table": "factories",
    "target_field": "factory_id",
    "relationship_type": "many_to_one",
    "description": "Each equipment is located in one factory",
    "constraint_type": "optional",
    "referential_action": "SET_NULL"
  },
  {
    "relationship_id": "R083",
    "source_table": "equipment",
    "source_field": "production_line_id",
    "target_table": "production_lines",
    "target_field": "line_id",
    "relationship_type": "many_to_one",
    "description": "Each equipment can be assigned to one production line",
    "constraint_type": "optional",
    "referential_action": "SET_NULL"
  },
  {
    "relationship_id": "R084",
    "source_table": "maintenance_schedules",
    "source_field": "equipment_id",
    "target_table": "equipment",
    "target_field": "equipment_id",
    "relationship_type": "many_to_one",
    "description": "Each maintenance schedule is for one equipment",
    "constraint_type": "mandatory",
    "referential_action": "CASCADE"
  },
  {
    "relationship_id": "R085",
    "source_table": "maintenance_work_orders",
    "source_field": "equipment_id",
    "target_table": "equipment",
    "target_field": "equipment_id",
    "relationship_type": "many_to_one",
    "description": "Each maintenance work order is for one equipment",
    "constraint_type": "mandatory",
    "referential_action": "RESTRICT"
  },
  {
    "relationship_id": "R086",
    "source_table": "maintenance_work_orders",
    "source_field": "schedule_id",
    "target_table": "maintenance_schedules",
    "target_field": "schedule_id",
    "relationship_type": "many_to_one",
    "description": "Each maintenance work order can originate from one schedule",
    "constraint_type": "optional",
    "referential_action": "SET_NULL"
  },
  {
    "relationship_id": "R087",
    "source_table": "maintenance_work_orders",
    "source_field": "technician_id",
    "target_table": "employees",
    "target_field": "employee_id",
    "relationship_type": "many_to_one",
    "description": "Each maintenance work order is assigned to one technician",
    "constraint_type": "optional",
    "referential_action": "SET_NULL"
  },
  {
    "relationship_id": "R088",
    "source_table": "maintenance_tasks",
    "source_field": "work_order_id",
    "target_table": "maintenance_work_orders",
    "target_field": "work_order_id",
    "relationship_type": "many_to_one",
    "description": "Each maintenance task belongs to one work order",
    "constraint_type": "mandatory",
    "referential_action": "CASCADE"
  },
  {
    "relationship_id": "R089",
    "source_table": "parts_used",
    "source_field": "work_order_id",
    "target_table": "maintenance_work_orders",
    "target_field": "work_order_id",
    "relationship_type": "many_to_one",
    "description": "Each parts usage is for one maintenance work order",
    "constraint_type": "mandatory",
    "referential_action": "RESTRICT"
  },
  {
    "relationship_id": "R090",
    "source_table": "parts_used",
    "source_field": "part_id",
    "target_table": "spare_parts",
    "target_field": "part_id",
    "relationship_type": "many_to_one",
    "description": "Each parts usage consumes one spare part",
    "constraint_type": "mandatory",
    "referential_action": "RESTRICT"
  },
  {
    "relationship_id": "R091",
    "source_table": "equipment_failures",
    "source_field": "equipment_id",
    "target_table": "equipment",
    "target_field": "equipment_id",
    "relationship_type": "many_to_one",
    "description": "Each equipment failure occurs on one equipment",
    "constraint_type": "mandatory",
    "referential_action": "RESTRICT"
  },
  {
    "relationship_id": "R092",
    "source_table": "equipment_failures",
    "source_field": "work_order_id",
    "target_table": "maintenance_work_orders",
    "target_field": "work_order_id",
    "relationship_type": "one_to_one",
    "description": "Each equipment failure can generate one maintenance work order",
    "constraint_type": "optional",
    "referential_action": "SET_NULL"
  },
  {
    "relationship_id": "R093",
    "source_table": "sensors",
    "source_field": "equipment_id",
    "target_table": "equipment",
    "target_field": "equipment_id",
    "relationship_type": "many_to_one",
    "description": "Each sensor monitors one equipment",
    "constraint_type": "mandatory",
    "referential_action": "CASCADE"
  },
  {
    "relationship_id": "R094",
    "source_table": "sensor_readings",
    "source_field": "sensor_id",
    "target_table": "sensors",
    "target_field": "sensor_id",
    "relationship_type": "many_to_one",
    "description": "Each sensor reading comes from one sensor",
    "constraint_type": "mandatory",
    "referential_action": "CASCADE"
  },
  {
    "relationship_id": "R095",
    "source_table": "alert_rules",
    "source_field": "sensor_id",
    "target_table": "sensors",
    "target_field": "sensor_id",
    "relationship_type": "many_to_one",
    "description": "Each alert rule monitors one sensor",
    "constraint_type": "mandatory",
    "referential_action": "CASCADE"
  },
  {
    "relationship_id": "R096",
    "source_table": "anomaly_detections",
    "source_field": "sensor_id",
    "target_table": "sensors",
    "target_field": "sensor_id",
    "relationship_type": "many_to_one",
    "description": "Each anomaly detection is for one sensor",
    "constraint_type": "mandatory",
    "referential_action": "RESTRICT"
  },
  {
    "relationship_id": "R097",
    "source_table": "anomaly_detections",
    "source_field": "alert_rule_id",
    "target_table": "alert_rules",
    "target_field": "rule_id",
    "relationship_type": "many_to_one",
    "description": "Each anomaly detection is triggered by one alert rule",
    "constraint_type": "optional",
    "referential_action": "SET_NULL"
  },
  {
    "relationship_id": "R098",
    "source_table": "quality_inspections",
    "source_field": "work_order_id",
    "target_table": "work_orders",
    "target_field": "work_order_id",
    "relationship_type": "many_to_one",
    "description": "Each quality inspection can be for one work order",
    "constraint_type": "optional",
    "referential_action": "SET_NULL"
  },
  {
    "relationship_id": "R099",
    "source_table": "quality_inspections",
    "source_field": "product_id",
    "target_table": "products",
    "target_field": "product_id",
    "relationship_type": "many_to_one",
    "description": "Each quality inspection inspects one product",
    "constraint_type": "optional",
    "referential_action": "SET_NULL"
  },
  {
    "relationship_id": "R100",
    "source_table": "quality_inspections",
    "source_field": "material_id",
    "target_table": "materials",
    "target_field": "material_id",
    "relationship_type": "many_to_one",
    "description": "Each quality inspection can inspect one material",
    "constraint_type": "optional",
    "referential_action": "SET_NULL"
  },
  {
    "relationship_id": "R101",
    "source_table": "quality_inspections",
    "source_field": "inspector_id",
    "target_table": "employees",
    "target_field": "employee_id",
    "relationship_type": "many_to_one",
    "description": "Each quality inspection is performed by one inspector",
    "constraint_type": "optional",
    "referential_action": "SET_NULL"
  },
  {
    "relationship_id": "R102",
    "source_table": "non_conformances",
    "source_field": "inspection_id",
    "target_table": "quality_inspections",
    "target_field": "inspection_id",
    "relationship_type": "many_to_one",
    "description": "Each non-conformance can be detected in one inspection",
    "constraint_type": "optional",
    "referential_action": "SET_NULL"
  },
  {
    "relationship_id": "R103",
    "source_table": "non_conformances",
    "source_field": "product_id",
    "target_table": "products",
    "target_field": "product_id",
    "relationship_type": "many_to_one",
    "description": "Each non-conformance is for one product",
    "constraint_type": "optional",
    "referential_action": "SET_NULL"
  },
  {
    "relationship_id": "R104",
    "source_table": "non_conformances",
    "source_field": "material_id",
    "target_table": "materials",
    "target_field": "material_id",
    "relationship_type": "many_to_one",
    "description": "Each non-conformance can be for one material",
    "constraint_type": "optional",
    "referential_action": "SET_NULL"
  },
  {
    "relationship_id": "R105",
    "source_table": "non_conformances",
    "source_field": "supplier_id",
    "target_table": "suppliers",
    "target_field": "supplier_id",
    "relationship_type": "many_to_one",
    "description": "Each non-conformance can be attributed to one supplier",
    "constraint_type": "optional",
    "referential_action": "SET_NULL"
  },
  {
    "relationship_id": "R106",
    "source_table": "ncr_root_cause_analysis",
    "source_field": "ncr_id",
    "target_table": "non_conformances",
    "target_field": "ncr_id",
    "relationship_type": "one_to_one",
    "description": "Each NCR has one root cause analysis",
    "constraint_type": "mandatory",
    "referential_action": "CASCADE"
  },
  {
    "relationship_id": "R107",
    "source_table": "corrective_actions",
    "source_field": "ncr_id",
    "target_table": "non_conformances",
    "target_field": "ncr_id",
    "relationship_type": "one_to_one",
    "description": "Each NCR generates one CAPA",
    "constraint_type": "optional",
    "referential_action": "CASCADE"
  },
  {
    "relationship_id": "R108",
    "source_table": "quality_audits",
    "source_field": "supplier_id",
    "target_table": "suppliers",
    "target_field": "supplier_id",
    "relationship_type": "many_to_one",
    "description": "Each quality audit can be for one supplier",
    "constraint_type": "optional",
    "referential_action": "SET_NULL"
  },
  {
    "relationship_id": "R109",
    "source_table": "audit_findings",
    "source_field": "audit_id",
    "target_table": "quality_audits",
    "target_field": "audit_id",
    "relationship_type": "many_to_one",
    "description": "Each audit finding belongs to one audit",
    "constraint_type": "mandatory",
    "referential_action": "CASCADE"
  },
  {
    "relationship_id": "R110",
    "source_table": "spc_control_charts",
    "source_field": "product_id",
    "target_table": "products",
    "target_field": "product_id",
    "relationship_type": "many_to_one",
    "description": "Each control chart monitors one product",
    "constraint_type": "optional",
    "referential_action": "SET_NULL"
  },
  {
    "relationship_id": "R111",
    "source_table": "spc_data_points",
    "source_field": "chart_id",
    "target_table": "spc_control_charts",
    "target_field": "chart_id",
    "relationship_type": "many_to_one",
    "description": "Each SPC data point belongs to one control chart",
    "constraint_type": "mandatory",
    "referential_action": "CASCADE"
  },
  {
    "relationship_id": "R112",
    "source_table": "calibration_records",
    "source_field": "equipment_id",
    "target_table": "equipment",
    "target_field": "equipment_id",
    "relationship_type": "many_to_one",
    "description": "Each calibration record is for one measuring equipment",
    "constraint_type": "mandatory",
    "referential_action": "RESTRICT"
  },
  {
    "relationship_id": "R113",
    "source_table": "customer_complaints",
    "source_field": "customer_id",
    "target_table": "customers",
    "target_field": "customer_id",
    "relationship_type": "many_to_one",
    "description": "Each customer complaint is from one customer",
    "constraint_type": "mandatory",
    "referential_action": "RESTRICT"
  },
  {
    "relationship_id": "R114",
    "source_table": "customer_complaints",
    "source_field": "product_id",
    "target_table": "products",
    "target_field": "product_id",
    "relationship_type": "many_to_one",
    "description": "Each customer complaint is about one product",
    "constraint_type": "optional",
    "referential_action": "SET_NULL"
  },
  {
    "relationship_id": "R115",
    "source_table": "customer_complaints",
    "source_field": "ncr_id",
    "target_table": "non_conformances",
    "target_field": "ncr_id",
    "relationship_type": "one_to_one",
    "description": "Each customer complaint can generate one NCR",
    "constraint_type": "optional",
    "referential_action": "SET_NULL"
  },
  {
    "relationship_id": "R116",
    "source_table": "production_transactions",
    "source_field": "employee_id",
    "target_table": "employees",
    "target_field": "employee_id",
    "relationship_type": "many_to_one",
    "description": "Operator who performed production",
    "constraint_type": "mandatory",
    "referential_action": "RESTRICT"
  },
  {
    "relationship_id": "R117",
    "source_table": "shipment_lines",
    "source_field": "product_id",
    "target_table": "products",
    "target_field": "product_id",
    "relationship_type": "many_to_one",
    "description": "Product being shipped",
    "constraint_type": "mandatory",
    "referential_action": "RESTRICT"
  },
  {
    "relationship_id": "R118",
    "source_table": "invoice_lines",
    "source_field": "product_id",
    "target_table": "products",
    "target_field": "product_id",
    "relationship_type": "many_to_one",
    "description": "Product being invoiced",
    "constraint_type": "mandatory",
    "referential_action": "RESTRICT"
  },
  {
    "relationship_id": "R119",
    "source_table": "parts_used",
    "source_field": "material_id",
    "target_table": "materials",
    "target_field": "material_id",
    "relationship_type": "many_to_one",
    "description": "Spare part as material",
    "constraint_type": "mandatory",
    "referential_action": "RESTRICT"
  },
  {
    "relationship_id": "R120",
    "source_table": "inspection_measurements",
    "source_field": "inspection_id",
    "target_table": "quality_inspections",
    "target_field": "inspection_id",
    "relationship_type": "many_to_one",
    "description": "Measurements for inspection",
    "constraint_type": "mandatory",
    "referential_action": "RESTRICT"
  },
  {
    "relationship_id": "R121",
    "source_table": "spc_data_points",
    "source_field": "sensor_id",
    "target_table": "sensors",
    "target_field": "sensor_id",
    "relationship_type": "many_to_one",
    "description": "Sensor providing SPC data",
    "constraint_type": "mandatory",
    "referential_action": "RESTRICT"
  }
]